prompt,continuation
Ethel Waters was an American singer and ,"1930s Hollywood actress. She was the first African-American woman to be nominated for an Academy Award. She was also the first African-American to star in a television show, The Ethel Waters Show, in 1953. Waters was born in Chester, Pennsylvania, on October 31, 1896. She was the daughter of Louise Anderson, a former slave, and Sandford Waters, a laborer. Waters was raised in a poor"
"Sarah Chalke is a Canadian actress, model ", and voice artist. She is best known for her role as Dr. Elliot Reid on the NBC / ABC comedy series Scrubs and as Becky Conner on the ABC sitcom Roseanne. She also starred as Stella Zinman in the CBS sitcom How I Met Your Mother and as Beth Smith in the Adult Swim animated series Rick and Morty. She also voiced the character of Mel in the animated film The Secret Life of Pets and its
Margot Rose is an American television and ," film actress. She is best known for her role as the title character in the 1987 film,  The All-American Girl. She has also appeared in the films  The Last Starfighter  and  The Wraith. She has also appeared in the television series  The Love Boat,  The Fall Guy,  The A-Team,  The Colbys,  Falcon Crest,  The Young and the Restless,"
Jacqueline Gadsden was an American film actress ," who appeared in the 1930s and 1940s. She was born in 1910 in New York City, New York, USA. She died in 1998 in Los Angeles, California, USA. She was married to actor  John Litel  from 1935 until his death in 1972. She was the mother of actress  Jacqueline Scott."
"Sadie Calvano is an American actress, known ", for her role as Violet in the CBS sitcom Mom. She has also appeared in the films The Last Song and The Secret Life of the American Teenager. She is also known for her role as Violet in the CBS sitcom Mom. She has also appeared in the films The Last Song and The Secret Life of the American Teenager. She is also known for her role as Violet in the CBS sitcom Mom. She has also appeared in
Cherry Jones – Downstage Center interview at ,"2005 Tony Awards
2005 Tony Awards
2005 Tony Awards
2005 Tony Awards
2005 Tony Awards
2005 Tony Awards
Cherry Jones – Downstage Center interview at"
"Jeannie Berlin is an American film, television "," and stage actress. She is best known for her role as Lenny Bruce’s wife Honey Bruce in the 1971 film Lenny, for which she was nominated for an Academy Award for Best Supporting Actress. She is also known for her role as the mother of the title character in the 1978 film An Unmarried Woman, for which she was nominated for a Golden Globe Award for Best Supporting Actress. She has also appeared in the"
"""Sami Gayle: Weston-raised and now starring in ","2nd season of 'Blue Bloods'"" by David Lyons
Sami Gayle: Weston-raised and now starring in 2nd season of 'Blue Bloods'
Sami Gayle, 16, is a Weston-raised actress who is starring in the second season of the CBS drama ""Blue Bloods."" She plays the daughter of Tom Selleck's character, a New York City police commissioner.
Sami"
Carroll Baker is a retired American actress ," who has appeared in over 50 films and television productions. She is best known for her roles in the films Baby Doll (1956), The Big Country (1958), How the West Was Won (1962), and Harlow (1965). She was nominated for the Academy Award for Best Actress for Baby Doll. She has also appeared in several television series, including The Young and the Restless, The Love Boat, and Murder,"
"Her debut album, Janet Jackson, was released ","1982. It peaked at number 6 on the Billboard 200 and was certified platinum by the RIAA. The album spawned three singles: ""Young Love"", ""Come Give Your Love to Me"" and ""Say You Do"". The album was certified platinum by the RIAA."
"On October 17, Lovato released Demi Lovato: ","90 Days in Rehab, a YouTube documentary about her recovery from drug addiction. The documentary was directed by Hannah Lux Davis and produced by Lovato and her manager, Scooter Braun. The documentary was released on Lovato's YouTube channel and was made available to watch for free. The documentary was released on Lovato's YouTube channel and was made available to watch for free.... 17/10/2018 · Demi Lov"
Kathryn Harrold is an American counselor and ," actress. She is best known for her role as the female lead in the 1980 film The Hunter. She has also appeared in the films The Big Chill, The Man with Two Brains, and The Best of Times. Harrold has also had roles in the television series The Equalizer, The Twilight Zone, and The Outer Limits. She has been married to actor Michael Nouri since 1989.
K"
Eleanor Boardman was an American film actress ," who was popular in the 1920s. She was the first actress to win the Academy Award for Best Actress in a Leading Role, which she won in 1929 for her performance in the film  The Crowd. She was also nominated for the same award in 1928 for her performance in  The Trial of Mary Dugan. She was also nominated for the Academy Award for Best Actress in a Supporting Role in 193"
"Starring Bonnie Franklin, Valerie Bertinelli and Mackenzie "," Phillips
The show was about a divorced mother of two, who was a housewife, and her two daughters. The show was about the family's struggles and successes. The show was a hit and ran for 9 seasons. The show was a hit and ran for 9 seasons. more less
The show was about a divorced mother of two, who was a housewife, and her two daughters. The show"
Susan Saint James is an American actress and ,1970s sex symbol. She is best known for her role as Kate MacKenzie on the CBS television series McMillan & Wife (1971-1977) and as Fay Manning on the ABC television series Kate & Allie (1984-1989). She was also a regular on the NBC television series The Name of the Game (1968-1971) and the ABC television series The Rookies (1972-197
"Michele Lee is an American actress, singer, ", and director. She is best known for her role as Karen Fairgate MacKenzie on the CBS primetime soap opera Knots Landing. She also starred in the 1970s sitcoms The Betty White Show and Goodtime Girls. She is also known for her role as the villainous Katherine Chancellor on the CBS daytime soap opera The Young and the Restless. She is also known for her role as the villainous Katherine
"By 2004, kathy ireland Worldwide was marketing ","15 million units of home furnishings, 10 million units of apparel, and 5 million units of accessories. The company had 1,000 employees and was generating $1 billion in annual sales. In 2005, the company launched a new line of home furnishings, and in 2006, it launched a new line of apparel. The company also expanded its product lines to include jewelry, luggage, and other accessories."
Diane Franklin is an American actress and ,"80s icon. She is best known for her roles in the films The Last American Virgin, Better Off Dead, and Amityville II: The Possession. She has also appeared in a number of other films and television shows, including The Lizzie McGuire Movie, The Young and the Restless, and The Bold and the Beautiful. Franklin is also a writer and producer, and has written and produced a number of films and television shows."
It was then renamed The Oprah Winfrey ," Show, and it became the highest-rated talk show in history and ran in national syndication for 25 seasons. Winfrey has been praised for her philanthropy, having donated a large share of her wealth to various charities and charitable causes by the end of the 90s. Oprah has been a major donor for COVID-19 relief efforts, donating $10 million to the cause. She has also donated to the Obama Foundation, the Smithsonian National"
Leslie Parrish is an American actress who ," appeared in the 1960s and 1970s. She is best known for her role as the love interest of James Bond in the 1964 film Goldfinger. She also appeared in the 1965 film The Cincinnati Kid and the 1966 film The Chase. She retired from acting in the 1970s and has since worked as a real estate agent.
Leslie Parrish Personal Details
Family Details of Leslie"
"She has stated that, ""The Eva Longoria ","2012 campaign is a celebration of the beauty of women of all ages, shapes and sizes. I am thrilled to be a part of this campaign and to be able to help women feel beautiful and confident in their own skin.""
Eva Longoria is a 40-year-old American actress, best known for her roles in Desperate Housewives or The Young and the Restless.
Name : Eva Longoria
Occupation : Actress
Born"
Raquel Welch is an American actress and ,"1960s sex symbol who was one of the most popular sex symbols of the 1960s and 1970s. She is best known for her role in the 1966 film One Million Years B.C. and for her role in the 1970 film Myra Breckinridge. She has also appeared in a number of other films and television shows, including The Three Musketeers, The Four Musketeers, and"
Gretchen Mol is an American actress and ,"1990s model. She is best known for her roles in the films Rounders, The Thirteenth Floor, Celebrity, The Shape of Things, and 3:10 to Yuma. She also starred in the HBO series Boardwalk Empire as Gillian Darmody.
Gretchen Mol was born on November 8, 1972, in Deep River, Connecticut, USA. She is the daughter of a school teacher and"
Priscilla Dean was an American actress popular ,"1910s and 1920s. She was born in Brooklyn, New York on August 25, 1896. She was the daughter of a wealthy businessman. She was a popular actress in the silent film era. She was known for her beauty and her ability to play a variety of roles. She was also known for her love of animals and her work with charities. She died on December 27, 1987.
Pr"
Jean Harlow was an American actress and ,"1930s sex symbol. She was the top female box-office attraction in Hollywood for three years, and was the 12th biggest star in Hollywood during the 1930s. She was the first major sex symbol of the American film industry and the predecessor to Marilyn Monroe. She was the highest paid woman in the United States in 1938, and was the highest paid actress in the United States in 1937 and 1938."
Jane Darwell was an American actress of ,"50 years in film, radio, and television. She is best known for her role as Ma Joad in John Ford's 1940 film adaptation of The Grapes of Wrath, for which she won the Academy Award for Best Supporting Actress. She was also nominated for the same award for her role as Mary Bailey in Ford's 1946 film adaptation of It's a Wonderful Life."
"Gloria Grahame Hallward, known professionally as Gloria "," Grahame, was an American actress. She began her career in theatre and in 1944 made her Broadway debut. The following year, she made her film debut in Blonde Fever. Grahame’s breakthrough role was in the 1947 film It’s a Wonderful Life, in which she played Violet Bick, a flirtatious young woman. She received an Academy Award for Best Supporting Actress for her performance in"
"Barbara Stock is an American actress, best "," known for her role as Dr. Barbara Stock in the 1980s television series  The A-Team. She was born on  May 10, 1957 in New York City, New York, USA. She is an actress, known for  The A-Team  (1983),  The A-Team  (1986) and  The A-Team  (1983"
Gail Russell was an American film and ,"1940s and 1950s television actress. She was born in 1924 in Chicago, Illinois, and died in 1961 in Los Angeles, California. She was married to actor Guy Madison from 1943 to 1954. She was the daughter of a Presbyterian minister. She was a member of the Church of Jesus Christ of Latter-day Saints. She was a member of the Church of Jesus Christ of Latter-day Saints."
"Reviewer site FilmSnobReviews wrote: ""Storm Reid and ", Zach Galifianakis are the only two actors who are able to make this film watchable.  The rest of the cast is just awful.  The story is just as bad.  The film is a mess.  It's a shame because the premise is interesting.  The film is just poorly executed.  It's a shame because the premise is interesting.  The
Melora Hardin is an American actress and ," singer. She is best known for her role as Jan Levinson in the NBC sitcom The Office. She is also known for her role as Trudy Monk in the USA Network series Monk. She has also appeared in the films Jerry Maguire, The Night We Never Met, and The Wedding Singer. She has also appeared in the television series The War at Home, The Office, and Monk. She has also appeared in the films The Wedding"
"Barbara Tarbuck was an American film, television, "," and stage actress. She was best known for her role as the matriarch of the Spaulding family, Katherine Chancellor, on the CBS soap opera The Young and the Restless. She was also known for her role as the morgue attendant, Mary Fisher, on the NBC drama series Homicide: Life on the Street. She was also known for her role as the morgue attendant, Mary Fisher"
"23; interview with Helen Slater, on newsstands ","4/23. The actress, who played Supergirl in the 1984 film, talks about her new role as Kara's adoptive mother on the CW series. ""I'm so excited to be a part of this show,"" she says. ""I'm a huge fan of the comic books, and I'm a huge fan of the original movie. I'm a huge fan of the original TV show. I'm a huge"
Natalie Martinez is an American actress and ,"2016 Maxim Hot 100 model. She is best known for her roles as Detective Jamie Vega in the TNT series Southland, as Nina Moreno in the USA Network series Undercovers, and as Detective Annalise Vega in the ABC series Detroit 1-8-7. She also starred as Officer Linda Vasquez in the Fox series APB, and as Officer Natalie Santos in the CBS series The District. Martinez was born in Miami,"
Nancy Sinatra began her career as a ,"1960s pop singer, but she is best known for her 1966 hit ""These Boots Are Made for Walkin'."" She is the daughter of Frank Sinatra.
Nancy Sinatra was born on June 8, 1940, in Jersey City, New Jersey. She is the daughter of Frank Sinatra and Nancy Barbato Sinatra. 1960s pop singer, but she is best known for her"
Joan Lorring was an American actress and ,"1945 Academy Award winner for Best Supporting Actress for her role in The Corn is Green. She was born in Shanghai, China, to a Scottish father and a Chinese mother. She was raised in Shanghai and Hong Kong, and moved to the United States in 1939. She made her Broadway debut in 1942 in the play The World We Make. She made her film debut in 1943 in the film The North Star. She"
Judy Landers is an American film and ,"1970s television actress. She is best known for her role as ""Sister"" on the 1970s television series Baa Baa Black Sheep. She also appeared in the 1978 film The Cheap Detective, and the 1980 film The Nude Bomb. She was also a regular on the 1970s television series The Rockford Files. She was also a regular on the 1970s television series The Rock"
"The press reported that ""Linda Darnell and ","20th Century-Fox have parted company."" The press release from the studio stated that ""Linda Darnell has been released from her contract with 20th Century-Fox."" The studio's announcement was made on the same day that Darnell was to begin production on the film The Walls of Jericho (see below). The press release also stated that Darnell had been ""under contract to the studio for the past"
Valarie Pettiford is an American stage and ," television actress, dancer, and singer. She is best known for her role as the lead character in the 1990s sitcom, “Clueless”. She has also appeared in several other television series and films, including “The Jamie Foxx Show”, “The Fresh Prince of Bel-Air”, “The Cosby Show”, “The Bold and the Beautiful”, “The Parkers”, “The Young and the Restless”,"
"Linda Park is a Korean-born American actress, "," best known for her role as Ensign Hoshi Sato on Star Trek: Enterprise. She has also appeared in the films The Core, The O.C., and The West Wing. She has also appeared in the films The Core, The O.C., and The West Wing. She has also appeared in the films The Core, The O.C., and The West Wing. She has also appeared in the films The Core, The O"
"Dyan Cannon is an American actress, director, "," and screenwriter. She is best known for her roles in the films Bob & Carol & Ted & Alice (1969), Heaven Can Wait (1978), and Deathtrap (1982). She has also appeared in several television series, including The Love Boat, Murder, She Wrote, and The Bold and the Beautiful.
Dyan Cannon was born on January 4, 1937, in Tacoma, Washington. She is"
"Sometimes credited as Tonya Lee Williams, she is "," best known for her role as Dr. Olivia Barber on the soap opera The Young and the Restless. She also appeared in the 1993 film The Meteor Man.
She studied at the University of Toronto and the University of Western Ontario.
She was a member of the Canadian Olympic team in 1984.
She married Charles Payne in 1991. They have two children.
She appeared in the 1993 film The Meteor Man"
Jennifer Beals is an American actress and ,"1980s pop culture icon. She is best known for her role as Alexandra ""Alex"" Owens in the 1983 film Flashdance, which earned her a Golden Globe nomination for Best Actress in a Motion Picture – Musical or Comedy. She also starred in the 1984 film The Bride, the 1985 film My Bodyguard, the 1986 film Out of Bounds, the 1987 film In the Heat of the Night,"
Marguerite Churchill was an American film actress ," who appeared in 40 films between 1931 and 1940. She was born in 1910 in Chicago, Illinois, and died in 2000 in Los Angeles, California. She was married to actor John Carroll from 1934 to 1941. She was also married to actor Robert Lowery from 1942 to 1946. She had one child, a daughter named Marguerite Carroll. She was"
"Madelyn Deutch is an American writer, director, "," actress, and singer. She is the daughter of director and producer Leonard Deutch and actress and producer Lea Thompson. She is best known for her role as “Lily” in the 2011 film “Some Girl(s)” and as “Maggie” in the 2013 film “The Secret Life of Houdini: The Making of America’s First Superhero”. She has also appeared in the films"
"""To have a star like Carrie Underwood "," on the show is a dream come true,"" said  American Idol  executive producer Nigel Lythgoe. ""She is a true superstar and a role model both on and off the stage. This will be a memorable season.""
Underwood, who won the fourth season of  American Idol  in 2005, is the most successful  Idol  alum, with five Grammy Awards, 14  Billboard  Music"
"""Renee Olstead Joins 'Bachelor Lions'; Megan Dodds ","2nd 'NCIS: LA' Guest""
Renee Olstead has joined the cast of the indie drama ""Bachelor Lions"" and Megan Dodds is set to guest star on ""NCIS: Los Angeles.""
Olstead will play the female lead in ""Bachelor Lions,"" which is being directed by Michael Worth. The film is about a group of friends who reunite for a bachelor party in Las Vegas"
"Julie Marie Berman 
(born November 3, 1983) is "," an American actress. She is best known for her role as Lulu Spencer on the ABC soap opera General Hospital. She has also appeared in the films The Girl Next Door and The Heartbreak Kid. Berman was born in Sacramento, California, the daughter of Julie and Michael Berman. She has a younger brother, Michael. She attended Rio Americano High School in Sacramento, California, and graduated in"
"Rose Marie was an American actress, singer, "," comedian, and television personality. She was best known for her role as Sally Rogers on The Dick Van Dyke Show from 1961 to 1966. She was also known for her role as the wisecracking secretary, Sucker, on the 1950s sitcom The Donald O’Connor Show. She was also known for her role as the wisecracking secretary, Sucker, on the 1950"
Jean Stapleton was an American character actress ," best known for her role as Edith Bunker on the 1970s sitcom All in the Family. She was nominated for 11 Emmy Awards, winning one in 1972. She also appeared in the films Airport 1975, The Muppet Movie, and The Muppet Christmas Carol. She died on June 1, 2013, at the age of 90."
